<?xml version="1.0" encoding="UTF-8"?>
<Configuration status="INFO">
    <Appenders>
        <Console name="STDOUT" target="SYSTEM_OUT">
            <PatternLayout pattern="%d{HH:mm:ss.SSS} [%t] %-5level [%.40logger{36}] - %msg%n" />
			 <Filters>
				<ThresholdFilter level="warn" onMatch="DENY" onMismatch="ACCEPT" />
			</Filters>
        </Console>
		
        <RandomAccessFile  name="MyFile" fileName="logs/CLI-prpcserviceutils-errors${sys:logfile.timestamp}.log" immediateFlush="true" append="false">
            <PatternLayout pattern="%d{yyy-MM-dd HH:mm:ss.SSS} [%t] %-5level [%.40logger{36}] - %msg%n"/>
        </RandomAccessFile >
    </Appenders>
    <Loggers>
        <Root level="info">
            <AppenderRef ref="STDOUT" level="info"/>
			<AppenderRef ref="MyFile" level="error"/>            
        </Root>
    </Loggers>
</Configuration>